《从论文到代码，学术研究的工程化落地实践》直播录屏,直播,2022-05-29T20:25:05+08:00,https://www.kingname.info//2022/05/29/gne-origin/
一日一技：Any与TypeVar，让IDE的自动补全更好用,Python,2022-05-29T20:24:54+08:00,https://www.kingname.info//2022/05/29/any-vs-typevar/
一日一技：用Python做游戏有多简单,Python,2022-05-22T08:59:32+08:00,https://www.kingname.info//2022/05/22/learn-pygame/
一日一技：如何从大量商品数据里面找到降价商品？,Python,2022-05-22T08:59:16+08:00,https://www.kingname.info//2022/05/22/find-discount/
一日一技：如何批量给PDF添加水印？,Python,2022-05-05T10:53:12+08:00,https://www.kingname.info//2022/05/05/add-watermark-on-pdf/
写在公众号粉丝2w时,感想,2022-04-22T15:38:30+08:00,https://www.kingname.info//2022/04/22/20000-fans/
一日一技：优雅地加载Yaml配置文件,Python,2022-04-22T15:38:11+08:00,https://www.kingname.info//2022/04/22/hydra/
一日一技：协程与多进程的完美结合,Python,2022-04-22T15:37:55+08:00,https://www.kingname.info//2022/04/22/aiomultiprocess/
爬虫出海Step by Step(一),爬虫,2022-04-13T21:54:07+08:00,https://www.kingname.info//2022/04/13/global-crawler-1/
一日一技：多个Python项目怎么调用我自己的工具函数？,Python,2022-04-13T21:53:56+08:00,https://www.kingname.info//2022/04/13/use-pth/
为什么我认为爬虫开发的新征途在海外市场？,爬虫,2022-04-04T17:32:25+08:00,https://www.kingname.info//2022/04/04/new-future-of-crawler/
极其简单，加速Github Release 下载,技巧,2022-04-01T17:38:00+08:00,https://www.kingname.info//2022/04/01/easy-github-download/
一日一技：为什么网站知道我的爬虫使用了代理？,经验,2022-03-20T23:34:55+08:00,https://www.kingname.info//2022/03/20/proxy-is-not-everything/
一日一技：使用装饰器简化大量if判断（二）,Python,2022-03-20T23:34:39+08:00,https://www.kingname.info//2022/03/20/decrease-if-2/
如何准备简历和面试（未闻Code直播录像）,面试,2022-03-09T17:26:09+08:00,https://www.kingname.info//2022/03/09/how-to-prepare-for-interview/
不走弯路的Docker入门,Docker,2022-03-09T17:24:02+08:00,https://www.kingname.info//2022/03/09/intro-to-docker/
GneList 来了！抓取列表页-极-其-简-单！,Gne,2022-03-09T16:56:05+08:00,https://www.kingname.info//2022/03/09/this-is-gnelist/
使用 LogSeq 阅读 PDF体验极好,LogSeq,2022-03-09T15:10:49+08:00,https://www.kingname.info//2022/03/09/read-pdf-by-logseq/
FastAPI的小兄弟，开发命令行工具更给力,Python,2022-03-06T23:16:46+08:00,https://www.kingname.info//2022/03/06/typer/
舍近求远，为什么 Golang 要这样读取本地的 package？,Golang,2022-03-06T23:16:38+08:00,https://www.kingname.info//2022/03/06/gomod/
一日一技：反爬虫的极致手段，几行代码直接炸了爬虫服务器,反爬虫,2022-03-06T23:16:09+08:00,https://www.kingname.info//2022/03/06/gzip-boom/
一日一技：轻松排雷，爬虫让gzip炸弹变成哑炮,爬虫,2022-03-06T23:15:59+08:00,https://www.kingname.info//2022/03/06/kill-gzip-boom/
一日一技：8行炫技代码，知识点多得不得了,Python,2022-03-06T23:15:43+08:00,https://www.kingname.info//2022/03/06/knowledge-in-bad-code/
你以为的万能爬虫方法，其实一行代码就能识别！,反爬虫,2022-03-06T23:15:22+08:00,https://www.kingname.info//2022/03/06/detect-js-click/
一日一技：如何在浏览器中使用npm包？,JavaScript,2022-03-06T23:15:09+08:00,https://www.kingname.info//2022/03/06/use-npm-package-in-browser/
我做了一个App，如何让别人限时使用？,Python,2022-03-06T23:14:45+08:00,https://www.kingname.info//2022/03/06/limit-use-time/
一日一技：在 Golang 中运行 JavaScript,Golang,2022-01-18T21:07:01+08:00,https://www.kingname.info//2022/01/18/run-js-in-golang/
一日一技：如何阅读技术文档（直播文案）,经验,2022-01-18T21:05:46+08:00,https://www.kingname.info//2022/01/18/how-to-read-doc/
一日一技：拼接个URL你也能搞错，还写个屁的爬虫。,爬虫,2022-01-18T21:04:25+08:00,https://www.kingname.info//2022/01/18/relative-url/
一日一技：在 Puppeteer 中如何拦截并修改网站的 JavaScript 代码,爬虫,2022-01-18T21:03:20+08:00,https://www.kingname.info//2022/01/18/mitm-in-puppeteer/
一日一技：macOS如何找回已经连接的Wi-Fi密码？,技巧,2022-01-18T21:02:04+08:00,https://www.kingname.info//2022/01/18/find-password/
一日一技：全文搜索、频率限制、带过期时间的缓存怎么做？,Python,2022-01-03T10:34:04+08:00,https://www.kingname.info//2022/01/03/walrus/
HTTPS 证书和中间人攻击的原理,知识,2021-12-23T11:04:04+08:00,https://www.kingname.info//2021/12/23/reason-for-mitm/
一日一技：亲眼所见，也非真实，如何明目张胆架设后门程序,JavaScript,2021-12-23T10:55:43+08:00,https://www.kingname.info//2021/12/23/backdoor-for-review/
一日一技：Puppeteer 不重启如何更换代理 IP,爬虫,2021-12-23T10:55:22+08:00,https://www.kingname.info//2021/12/23/puppeteer-change-proxy/
一日一技：Selenium如何接管已经运行的Chrome浏览器？,爬虫,2021-12-23T10:55:10+08:00,https://www.kingname.info//2021/12/23/remote-debug-selenium/
一日一技：爬虫模拟浏览器如何避免重复登录？,爬虫,2021-12-23T10:55:02+08:00,https://www.kingname.info//2021/12/23/remote-debug-puppeteer/
一日一技：谁说 Scrapy 不能爬 HTTP/2?,爬虫,2021-10-21T21:27:02+08:00,https://www.kingname.info//2021/10/21/scrapy-http2/
一日一技：什么情况使用静态方法和类方法？,Python,2021-10-08T23:08:57+08:00,https://www.kingname.info//2021/10/08/staticmethod-and-classmethod/
GNE 版本升级，基于可视化信号自动化识别并提取新闻正文,GNE,2021-10-07T16:18:23+08:00,https://www.kingname.info//2021/10/07/gne-0-3-0/
只要5分钟，创建一个隧道代理,爬虫,2021-07-24T08:54:53+08:00,https://www.kingname.info//2021/07/24/build-tunnel-proxy/
一日一技：Linux 中，没有 zip命令，怎么生成 zip 文件？,Python,2021-07-03T22:25:47+08:00,https://www.kingname.info//2021/07/03/compress-without-zip/
面试扣分点：什么是鸭子类型,面试,2021-07-03T22:22:55+08:00,https://www.kingname.info//2021/07/03/what-is-duck-type/
一日一技：使用 Git 在错误的分支上修改了代码怎么办？,Git,2021-07-03T22:17:13+08:00,https://www.kingname.info//2021/07/03/use-git-stash/
为什么爬虫工程师应该有一些基本的后端常识？,编程思想,2021-06-19T16:50:43+08:00,https://www.kingname.info//2021/06/19/crawler-should-know-backend/
一日一技：Scrapy 如何正确 Post 发送 JSON 数据,爬虫,2021-05-20T21:08:20+08:00,https://www.kingname.info//2021/05/20/use-scrapy-jsonrequest/
一日一技：你真的知道如何设置环境变量？,Linux,2021-05-14T22:36:58+08:00,https://www.kingname.info//2021/05/14/do-you-know-env/
为什么不要轻易使用 Chrome 复制的 XPath？,爬虫,2021-05-14T22:34:58+08:00,https://www.kingname.info//2021/05/14/do-not-copy-xpath/
前天才讲的知识点，不听讲的人今天就跑来问,Python,2021-04-05T23:02:11+08:00,https://www.kingname.info//2021/04/05/thread-event/
开发经验：已经有对象储存，为什么我们还要开发一个图片接口？,开发经验,2021-04-05T23:02:11+08:00,https://www.kingname.info//2021/04/05/why-wrap-oos/
一日一技：一根短横线在Golang 和 Python 中的妙用。,Python,2021-03-22T22:59:33+08:00,https://www.kingname.info//2021/03/22/use/
一日一技：可视化分析 Redis Key 资源占用情况,Redis,2021-02-26T22:13:24+08:00,https://www.kingname.info//2021/02/26/redis-dashboard/
小问题大隐患：如何正确设置 Python 项目的入口文件？,Python,2021-02-18T22:41:10+08:00,https://www.kingname.info//2021/02/18/entry-file/
在 Linux 服务器中创建假桌面运行模拟浏览器有头模式,爬虫,2021-02-16T14:27:49+08:00,https://www.kingname.info//2021/02/16/use-selenium-head-in-linux/
奇技淫巧：在 ssh 里面把服务器的文本复制到本地电脑,Python,2020-10-02T11:18:58+08:00,https://www.kingname.info//2020/10/02/copy-from-ssh/
手把手教学，如何解决 git 冲突？,Git,2020-09-13T22:52:37+08:00,https://www.kingname.info//2020/09/13/how-to-reslove-conflict/
现场打脸：如何使用Selenium批量上传文件？,Python,2020-09-09T12:19:16+08:00,https://www.kingname.info//2020/09/09/upload-multiple-file-by-selenium/
一日一技：实现有过期时间的LRU缓存,Python,2020-03-23T23:46:52+08:00,https://www.kingname.info//2020/03/23/lru-with-expire-time/
拒绝想当然，不看文档导致GNE 的隐秘 bug,GNE,2020-03-23T23:45:55+08:00,https://www.kingname.info//2020/03/23/bug-for-gne/
一日一技：应该传入对象还是在用的时候再初始化？,Python,2020-03-23T23:45:05+08:00,https://www.kingname.info//2020/03/23/pass-or-create/
一日一技：使用二分法排查正则表达式的异常,Python,2020-03-23T23:44:11+08:00,https://www.kingname.info//2020/03/23/binary-search-for-regex/
你经常看到却经常忽视的__init__.py有什么用？,Python,2020-03-23T23:40:46+08:00,https://www.kingname.info//2020/03/23/init-in-python/
彻底搞懂Python 中的 import 与 from import,Python,2020-03-23T23:40:01+08:00,https://www.kingname.info//2020/03/23/know-import/
一日一技：推特时间的格式化方案,Python,2020-03-23T23:39:12+08:00,https://www.kingname.info//2020/03/23/twitter-time-format/
逆向操作，把被压平的字典还原成嵌套字典,Python,2020-03-23T23:38:04+08:00,https://www.kingname.info//2020/03/23/reverse-flat/
剖析灵魂，为什么aiohttp默认的写法那么慢？,Python,2020-03-23T23:36:58+08:00,https://www.kingname.info//2020/03/23/why-default-aiohttp-slow/
为 aiohttp 爬虫注入灵魂,Python,2020-03-23T23:35:14+08:00,https://www.kingname.info//2020/03/23/insert-sprit/
如何使用Python读写Kafka？,Kafka,2020-03-23T23:34:07+08:00,https://www.kingname.info//2020/03/23/operate-kafka-by-python/
Kafka 里面的信息是如何被消费的？,Kafka,2020-03-23T23:32:45+08:00,https://www.kingname.info//2020/03/23/how-kafka-consume/
GNE v0.1 正式发布： 4 行代码开发新闻网站通用爬虫, ,2020-01-01T19:07:33+08:00,https://www.kingname.info//2020/01/01/gne-release/
为什么每一个爬虫工程师都应该学习 Kafka,爬虫,2019-12-14T08:36:02+08:00,https://www.kingname.info//2019/12/14/use-kakfa-in-spider/
在 Python 中实现函数重载,Python,2019-12-11T23:01:25+08:00,https://www.kingname.info//2019/12/11/singledispatch/
如何统计一个数字的二进制值里面有多少个1,Python,2019-12-11T22:51:01+08:00,https://www.kingname.info//2019/12/11/count-1-in-bin/
闲聊：语言决定思维方法,思维方式,2019-12-10T23:00:27+08:00,https://www.kingname.info//2019/12/10/languate-define-your-brain/
如何从 Redis 的列表中一次性 pop 多条数据？,Python,2019-12-04T22:58:33+08:00,https://www.kingname.info//2019/12/04/batch-pop-in-redis/
在 Python 正则表达式模块中逃跑（escape,Python,2019-12-02T22:57:34+08:00,https://www.kingname.info//2019/12/02/escape-in-python/
让你的字典读取不报错,Python,2019-11-30T22:56:25+08:00,https://www.kingname.info//2019/11/30/quite-dict/
在 Python 中编写抽象类,Python,2019-11-26T22:55:20+08:00,https://www.kingname.info//2019/11/26/abstract-class-in-python/
GNE v0.04版更新，支持提取正文图片与源代码,GNE,2019-11-25T22:54:01+08:00,https://www.kingname.info//2019/11/25/gne-0-4/
如何使用 Flupy 构建数据处理管道,Python,2019-11-23T22:49:18+08:00,https://www.kingname.info//2019/11/23/flupy/
在 Python 中小括号的另类用法,Python,2019-11-21T22:46:59+08:00,https://www.kingname.info//2019/11/21/brack-in-python/
在 Python 中像字典一样持久化数据,Python,2019-11-16T22:44:10+08:00,https://www.kingname.info//2019/11/16/persist-data-like-dict/
Python 下面最简单的单例模式写法,Python,2019-11-13T22:42:17+08:00,https://www.kingname.info//2019/11/13/most-simple-singletom/
禁止通行――如何让 itertools.tee 线程安全,Python,2019-11-06T22:39:31+08:00,https://www.kingname.info//2019/11/06/thread-safe-in-tee/
炸掉你的内存―― itertools.tee 的弊端,Python,2019-11-05T22:38:15+08:00,https://www.kingname.info//2019/11/05/your-memory-boom/
一个生成器如何当两个用？,Python,2019-11-05T22:37:00+08:00,https://www.kingname.info//2019/11/05/one-generator-to-two/
产品经理的故事：产品经理拿错了别人的外卖,博弈论,2019-11-04T22:35:18+08:00,https://www.kingname.info//2019/11/04/pm-get-others-thing/
为什么我能一天更新13篇博客？,杂谈,2019-11-03T10:46:00+08:00,https://www.kingname.info//2019/11/03/follow-my-wechat-platform/
使用 yield 压平多层字典列表混合嵌套数据,Python,2019-11-03T10:08:53+08:00,https://www.kingname.info//2019/11/03/flat-dict-with-list/
使用 yield 压平嵌套字典有多简单？,Python,2019-11-03T10:07:53+08:00,https://www.kingname.info//2019/11/03/flat-deep-dict/
为什么你应该学习 Python 的生成器？,Python,2019-10-30T22:43:37+08:00,https://www.kingname.info//2019/10/30/you-should-learn-yield/
如何在Python代码里面调用 pip安装第三方库,Python,2019-10-29T22:42:38+08:00,https://www.kingname.info//2019/10/29/pip-in-code/
使用 Linux 自带的 logrotate 管理你的所有日志,Linux,2019-10-24T22:41:27+08:00,https://www.kingname.info//2019/10/24/logrotate/
使用迭代器接收数据并自动停止,Python,2019-10-23T22:40:12+08:00,https://www.kingname.info//2019/10/23/iter-and-stop/
如何通过字符串导入 Python 模块,Python,2019-10-22T22:39:01+08:00,https://www.kingname.info//2019/10/22/import-by-str/
如何用 Python让自己变成天选之子,Python,2019-10-21T22:38:03+08:00,https://www.kingname.info//2019/10/21/become-lucky-one/
如何正确获取 MongoDB 集合里面的最后一条数据,MongoDB,2019-10-19T22:37:12+08:00,https://www.kingname.info//2019/10/19/get-last-data/
你的代码是如何被炫技毁掉的,Python,2019-10-17T22:36:16+08:00,https://www.kingname.info//2019/10/17/do-not-show/
在 Jupyter 中如何重新导入特定的 Python 文件？,Python,2019-10-12T22:34:58+08:00,https://www.kingname.info//2019/10/12/reimport-in-jupyter/
更优雅地在 Python 中写日志,Python,2019-09-29T22:33:34+08:00,https://www.kingname.info//2019/09/29/log-gracefully/
使用Pymongo实现更新并返回数据,MongoDB,2019-09-28T22:32:03+08:00,https://www.kingname.info//2019/09/28/pymongo-update-return/
在 Python 中，is 并不一定包含==,Python,2019-09-26T22:31:10+08:00,https://www.kingname.info//2019/09/26/is-not-always-equal/
Elasticsearch批量插入时，存在就不插入,Elasticsearch,2019-09-25T22:29:29+08:00,https://www.kingname.info//2019/09/25/es-not-insert-if-exists/
GNE 预处理技术――如何移除特定标签但是保留文字到父标签,GNE,2019-09-22T18:28:02+08:00,https://www.kingname.info//2019/09/22/remove-tag-without-text/
新闻类网页正文通用抽取器（一）――项目介绍,GNE,2019-09-09T15:20:29+08:00,https://www.kingname.info//2019/09/09/generalnewsextractor/
在Pyppeteer中正确隐藏window.navigator.webdriver,Python,2019-08-18T09:36:25+08:00,https://www.kingname.info//2019/08/18/hide-webdriver-in-pyppeteer/
回《驳 ,Python,2019-08-18T00:10:03+08:00,https://www.kingname.info//2019/08/18/dont-use-re-compile-again/
4种方法解决MongoDB游标超时的问题,Python,2019-08-15T21:32:31+08:00,https://www.kingname.info//2019/08/15/solve-cursor-timeout/
从Python源代码里面证明你的猜想,Python,2019-08-01T22:03:50+08:00,https://www.kingname.info//2019/08/01/pool-map-run-nothing/
一日一技：如何使用JavaScript移除少数派的付费内容,JavaScript,2019-07-21T19:01:34+08:00,https://www.kingname.info//2019/07/21/delete-pay-content-by-js/
为什么Python 3.6以后字典有序并且效率更高？,Python,2019-07-13T13:30:47+08:00,https://www.kingname.info//2019/07/13/python-dict/
使用uwsgi部署Flask，不使用Unix套接字连接Nginx,Python,2019-07-08T21:27:50+08:00,https://www.kingname.info//2019/07/08/deploy-flask-uwsgi-without-nginx/
跟着Kenneth Reitz大神学习读取类属性的三种方法,Python,2019-07-07T22:48:41+08:00,https://www.kingname.info//2019/07/07/three-in-one/
请不要再用re.compile了！,Python,2019-06-25T13:02:01+08:00,https://www.kingname.info//2019/06/25/dont-use-re-compile/
Python读取包里面的数据文件的三种方法,Python,2019-05-26T22:44:08+08:00,https://www.kingname.info//2019/05/26/read-data-file-in-package/
先找到爱的人，再写出优秀的代码,程序员,2019-05-20T22:15:35+08:00,https://www.kingname.info//2019/05/20/iloveyun/
奇技淫巧：使用Python的or关键字实现多重选择,Python,2019-04-11T23:24:59+08:00,https://www.kingname.info//2019/04/11/use-or-smarter/
懂博弈论的产品小姐姐的民主妙计,博弈论,2019-04-05T09:24:30+08:00,https://www.kingname.info//2019/04/05/vote-is-not-always-true/
为什么你需要少看垃圾博客以及如何在Python里精确地四舍五入,Python,2019-03-31T12:30:42+08:00,https://www.kingname.info//2019/03/31/real-truth-of-round/
一种字符串的两种显示方式,Python,2019-03-19T21:18:19+08:00,https://www.kingname.info//2019/03/19/repr/
你一定在Python中遇到过的反斜杠数量问题,Python,2019-03-19T21:18:10+08:00,https://www.kingname.info//2019/03/19/back-slash/
如何在文章中隐藏版权信息,Python,2019-03-10T17:08:52+08:00,https://www.kingname.info//2019/03/10/hide-text/
三年写了两本书，这是我的时间管理实践,经验,2019-03-08T22:47:28+08:00,https://www.kingname.info//2019/03/08/my-story-with-my-book/
使用倒排索引极速提高字符串搜索效率,Python,2019-03-02T12:05:45+08:00,https://www.kingname.info//2019/03/02/inverted-index/
数据工程师妹子养成手记――数据库篇,MongoDB,2019-02-23T13:25:32+08:00,https://www.kingname.info//2019/02/23/do-not-waste-time-in-setup-env/
一行js代码识别Selenium+Webdriver及其应对方案,Python,2019-02-12T15:11:14+08:00,https://www.kingname.info//2019/02/12/hide-webdriver/
在Python中，a += b并不总是等价于a = a + b,Python,2019-01-29T21:19:55+08:00,https://www.kingname.info//2019/01/29/iadd/
在Airtest中如何使用无线模式控制手机,Python,2019-01-28T21:48:20+08:00,https://www.kingname.info//2019/01/28/wireless-mode-of-poco/
使用Airtest超快速开发App爬虫,Airtest,2019-01-19T12:46:41+08:00,https://www.kingname.info//2019/01/19/use-airtest/
为什么Python中“2 == 2 > 1”结果为True？,Python,2019-01-10T22:00:04+08:00,https://www.kingname.info//2019/01/10/chained-comparisons/
2018 年终总结,总结,2018-12-29T20:58:03+08:00,https://www.kingname.info//2018/12/29/summary-2018/
项目经理必备――使用燃尽图监控项目整体进度,项目管理,2018-12-23T17:11:13+08:00,https://www.kingname.info//2018/12/23/use-burndown-chart/
彻底搞懂Scrapy的中间件（三）,Python,2018-11-20T22:46:17+08:00,https://www.kingname.info//2018/11/20/know-middleware-of-scrapy-3/
彻底搞懂Scrapy的中间件（二）,Python,2018-11-18T23:41:24+08:00,https://www.kingname.info//2018/11/18/know-middleware-of-scrapy-2/
彻底搞懂Scrapy的中间件（一）,Python,2018-11-18T22:21:35+08:00,https://www.kingname.info//2018/11/18/know-middleware-of-scrapy/
跳出任务管理的泥沼，拥抱甘特图的怀抱（完整版）,项目管理,2018-10-17T20:36:39+08:00,https://www.kingname.info//2018/10/17/use-gantt-enhanced/
英文文档帮查&翻译计划,学习,2018-10-15T22:15:08+08:00,https://www.kingname.info//2018/10/15/translate-help/
使用Docker Swarm搭建分布式爬虫集群,Docker,2018-10-13T21:23:51+08:00,https://www.kingname.info//2018/10/13/use-docker-swarm/
如果你不知道做什么，那就学一门杂学吧,Python,2018-10-01T18:31:11+08:00,https://www.kingname.info//2018/10/01/my-new-book/
正则表达式re.sub替换不完整的问题现象及其根本原因,Python,2018-08-27T21:48:22+08:00,https://www.kingname.info//2018/08/27/re-sandthepositionofparaminsub/
技巧收集-M1806,Craft,2018-06-21T22:36:39+08:00,https://www.kingname.info//2018/06/21/tweet-201806/
使用生成器把Kafka写入速度提高1000倍,Python,2018-04-13T21:35:09+08:00,https://www.kingname.info//2018/04/13/the-suitable-situation-for-yield/
从Workflowy到印象笔记,Craft,2018-03-17T10:05:54+08:00,https://www.kingname.info//2018/03/17/from-workflowy-to-evernote/
任务管理，项目管理和目标管理,经验,2018-01-01T10:11:14+08:00,https://www.kingname.info//2018/01/01/task-project-target/
不用甘特图，你做什么项目管理,经验,2017-12-31T22:45:55+08:00,https://www.kingname.info//2017/12/31/you-should-use-gantt/
使用Jenkins自动部署博客,Jenkins,2017-12-17T19:48:10+08:00,https://www.kingname.info//2017/12/17/auto-deploy-blog/
使用有限状态机原理实现英文分词,Python,2017-12-10T12:12:55+08:00,https://www.kingname.info//2017/12/10/use-fsm/
TeamFlowy――结合Teambition与Workflowy,Craft,2017-10-03T23:29:05+08:00,https://www.kingname.info//2017/10/03/teamflowy/
技巧收集-M1709,Craft,2017-09-22T22:34:01+08:00,https://www.kingname.info//2017/09/22/tweet-201709/
Tenacity――Exception Retry 从此无比简单,Python,2017-06-18T00:17:47+08:00,https://www.kingname.info//2017/06/18/easy-retry/
记住变量类型的三种方式,Python,2017-06-11T15:25:03+08:00,https://www.kingname.info//2017/06/11/type-hints-in-python3/
Python 装饰器装饰类中的方法,Python,2017-04-17T20:44:31+08:00,https://www.kingname.info//2017/04/17/decorate-for-method/
技巧收集-M1701,Craft,2017-02-05T23:56:31+08:00,https://www.kingname.info//2017/02/05/tweet/
30秒找到藏在家里的手机,Python,2017-01-07T14:02:02+08:00,https://www.kingname.info//2017/01/07/findmyphone/
用图像识别来自动确认网页加载成功, ,2016-12-04T18:10:33+08:00,https://www.kingname.info//2016/12/04/how-to-know-webpage-loaded/
如果我提前起床，闹钟你就别响,Python,2016-11-07T22:56:21+08:00,https://www.kingname.info//2016/11/07/autoalarmclock/
alias导致virtualenv异常的分析和解法,OS X,2016-06-27T23:40:56+08:00,https://www.kingname.info//2016/06/27/alias-vs-virtualenv/
可爱的豆子――使用Beans思想让Python代码更易维护,Python,2016-06-19T21:43:33+08:00,https://www.kingname.info//2016/06/19/bean-in-python/
MarkdownPicPicker - Markdown 图片上传助手,Markdown,2016-06-04T16:40:06+08:00,https://www.kingname.info//2016/06/04/markdownPicPicker/
搭建持续集成环境(一),持续集成,2016-05-29T14:04:49+08:00,https://www.kingname.info//2016/05/29/raspberryCI-1/
使用Python保存截图,Python,2016-05-19T22:47:29+08:00,https://www.kingname.info//2016/05/19/screenshot/
对Java与设计模式态度的转变,态度,2015-12-02T00:03:08+08:00,https://www.kingname.info//2015/12/02/opinionchange/
使用etree.HTML的编码问题,Python,2015-10-07T17:56:47+08:00,https://www.kingname.info//2015/10/07/lxmlencoding/
我的编码规范,Python,2015-07-19T16:31:54+08:00,https://www.kingname.info//2015/07/19/mycodestyle/
requests的content与text导致lxml的解析问题,经验,2015-04-29T22:49:31+08:00,https://www.kingname.info//2015/04/29/lxmloldbug/
Python的单元测试（二）,Python,2015-03-04T19:08:20+08:00,https://www.kingname.info//2015/03/04/pythonunittest2/
Python的单元测试（一）,Python,2015-02-27T22:50:47+08:00,https://www.kingname.info//2015/02/27/Python的单元测试/
未知道――广场式的真匿名交流网站（一）,未知道,2015-01-30T15:24:35+08:00,https://www.kingname.info//2015/01/30/未知道――广场式的真匿名交流网站/
xpath提取多个标签下的text,Python,2015-01-17T16:01:07+08:00,https://www.kingname.info//2015/01/17/xpath提取多个标签下的text/
清空Github上某个文件的历史,经验,2015-01-08T16:04:53+08:00,https://www.kingname.info//2015/01/08/清空Github上某个文件的历史/
如何正确使用日志Log,Python,2015-01-08T12:54:46+08:00,https://www.kingname.info//2015/01/08/如何正确使用日志log/
使用AWS亚马逊云搭建Gmail转发服务（三）,Python,2015-01-02T15:42:22+08:00,https://www.kingname.info//2015/01/02/使用AWS亚马逊云搭建Gmail转发服务三/
断电不断网――Linux的screen,Linux,2015-01-01T20:20:23+08:00,https://www.kingname.info//2015/01/01/Linux的screen/
使用AWS亚马逊云搭建Gmail转发服务（二）,Python,2014-12-31T14:44:27+08:00,https://www.kingname.info//2014/12/31/使用亚马逊云AWS搭建Gmail邮件转发服务二/
使用AWS亚马逊云搭建Gmail转发服务（一）,Python,2014-12-30T15:41:35+08:00,https://www.kingname.info//2014/12/30/使用AWS亚马逊云搭建Gmail转发服务/
对一个罗马数字与阿拉伯数字转换算法的分析,算法,2014-12-29T18:34:30+08:00,https://www.kingname.info//2014/12/29/对一个罗马数字与阿拉伯数字转换算法的分析/
使用微信控制你的电脑,Python,2014-12-23T22:44:20+08:00,https://www.kingname.info//2014/12/23/A-Totally-Amazing/
Python正则表达式中的re.S,Python,2014-12-21T09:55:54+08:00,https://www.kingname.info//2014/12/21/Python正则表达式中的re-S/
从E.E到S.E,杂念,2014-12-18T16:49:19+08:00,https://www.kingname.info//2014/12/18/从E-E到S-E/
修改Coney主题之侧边栏移位,Hexo,2014-12-15T18:09:54+08:00,https://www.kingname.info//2014/12/15/修改Coney主题之侧边栏移位/
